Id,MlsNumber,PublicRemarks,Individual,PostalCode,HistoricalDataIsCleared,ProvinceName,RelativeDetailsURL,StatusId,PhotoChangeDateUTC,Distance,RelativeURLEn,RelativeURLFr,Media,InsertedDateUTC,TimeOnRealtor,Tags,UploadedBy,Building.BathroomTotal,Building.Bedrooms,Building.StoriesTotal,Building.Type,Building.Ammenities,Property.LeaseRent,Property.Type,Property.Address.AddressText,Property.Address.Longitude,Property.Address.Latitude,Property.Address.PermitShowAddress,Property.Photo,Property.Parking,Property.ParkingSpaceTotal,Property.TypeId,Property.OwnershipType,Property.AmmenitiesNearBy,Property.OwnershipTypeGroupIds,Property.ParkingType,Property.LeaseRentUnformattedValue,Land.SizeTotal,PriceChangeDateUTC,Property.FarmType,AlternateURL.DetailsLink,Land.SizeFrontage,Land.AccessType,Land.LandscapeFeatures,Building.SizeInterior,Property.ZoningType,AlternateURL.VideoLink
26536455,1378295,"Welcome to 66 Cobourg Street, located in the residential neighbourhood of eastern Lower Town! This fully renovated one-bedroom unit features a new kitchen, full bathroom, large bedroom, and a den. This property is a short walk from multiple schools and parks (including the MacDonald Gardens Park across the street) and a 20-minute walk to the University of Ottawa campus and the Byward Market. Book your showing today! No Pets Please. (27914750)","[{'IndividualID': 2057519, 'Name': 'Kevin Cosgrove', 'Organization': {'OrganizationID': 292238, 'Name': 'REAL BROKER ONTARIO LTD.', 'Address': {'AddressText': '1079 SOMERSET ST. W|OTTAWA, Ontario K1Y3C6', 'PermitShowAddress': True}, 'Phones': [{'PhoneType': 'Telephone', 'PhoneNumber': '311-1172', 'AreaCode': '888', 'PhoneTypeId': '1'}], 'Emails': [{'ContactId': '542658186'}], 'Websites': [{'Website': 'http://www.joinreal.com/', 'WebsiteTypeId': '1'}], 'OrganizationType': 'Firm', 'HasEmail': True, 'PermitFreetextEmail': True, 'PermitShowListingLink': True, 'RelativeDetailsURL': '/office/firm/292238/real-broker-ontario-ltd-1079-somerset-st-w-ottawa-ontario-k1y3c6', 'PhotoLastupdate': '2024-02-24 12:50:53 AM'}, 'Phones': [{'PhoneType': 'Telephone', 'PhoneNumber': '614-5386', 'AreaCode': '613', 'PhoneTypeId': '1'}], 'Websites': [{'Website': 'https://www.youtube.com/embed/NJPDyzTDHDQ', 'WebsiteTypeId': '7'}, {'Website': 'https://www.youtube.com/embed/e0zenON1f0k', 'WebsiteTypeId': '6'}], 'Emails': [{'ContactId': '535840914'}], 'Photo': 'https://cdn.realtor.ca/individual/TS637859885400000000/lowres/1332683.jpg', 'Position': 'Salesperson', 'PermitFreetextEmail': True, 'FirstName': 'Kevin', 'LastName': 'Cosgrove', 'CorporationDisplayTypeId': '0', 'PermitShowListingLink': True, 'RelativeDetailsURL': '/agent/2057519/kevin-cosgrove-1079-somerset-st-w-ottawa-ontario-k1y3c6', 'AgentPhotoLastUpdated': '2022-04-19 18:09:00', 'PhotoHighRes': 'https://cdn.realtor.ca/individual/TS637859885400000000/highres/1332683.jpg', 'RankMyAgentKey': '', 'RealSatisfiedKey': '', 'TestimonialTreeKey': ''}]",K1N8G8,False,Ontario,/real-estate/26536455/66-cobourg-street-ottawa-lower-town,1,2024-02-21 8:11:48 PM,,/real-estate/26536455/66-cobourg-street-ottawa-lower-town,/immobilier/26536455/66-cobourg-street-ottawa,[],638441430910900000,,[],76,1,1 + 0,1.0,House,Laundry Facility,"$1,700/Monthly",Single Family,"66 COBOURG STREET|Ottawa, Ontario K1N8G8",-75.679828,45.434023,True,"[{'SequenceId': '1', 'HighResPath': 'https://cdn.realtor.ca/listings/TS638441251028070000/reb76/highres/5/1378295_1.jpg', 'MedResPath': 'https://cdn.realtor.ca/listings/TS638441251028070000/reb76/medres/5/1378295_1.jpg', 'LowResPath': 'https://cdn.realtor.ca/listings/TS638441251028070000/reb76/lowres/5/1378295_1.jpg', 'LastUpdated': '2024-02-21 3:11:42 PM', 'TypeId': '0'}]",[{'Name': 'None'}],0,300,Freehold,"Public Transit, Recreation Nearby, Shopping",[1],,1700,* ft X * ft,,,,,,,,,
26537184,1378320,"Welcome to 70 Cobourg Street, located in the residential neighbourhood of eastern Lower Town! This fully renovated one-bedroom unit features a new kitchen, full bathroom, large bedroom, and a den. This property is a short walk from multiple schools and parks (including the MacDonald Gardens Park across the street) and a 20-minute walk to the University of Ottawa campus and the Byward Market. Book your showing today! No Pets Please. (27915504)","[{'IndividualID': 2057519, 'Name': 'Kevin Cosgrove', 'Organization': {'OrganizationID': 292238, 'Name': 'REAL BROKER ONTARIO LTD.', 'Address': {'AddressText': '1079 SOMERSET ST. W|OTTAWA, Ontario K1Y3C6', 'PermitShowAddress': True}, 'Phones': [{'PhoneType': 'Telephone', 'PhoneNumber': '311-1172', 'AreaCode': '888', 'PhoneTypeId': '1'}], 'Emails': [{'ContactId': '542658186'}], 'Websites': [{'Website': 'http://www.joinreal.com/', 'WebsiteTypeId': '1'}], 'OrganizationType': 'Firm', 'HasEmail': True, 'PermitFreetextEmail': True, 'PermitShowListingLink': True, 'RelativeDetailsURL': '/office/firm/292238/real-broker-ontario-ltd-1079-somerset-st-w-ottawa-ontario-k1y3c6', 'PhotoLastupdate': '2024-02-24 12:50:52 AM'}, 'Phones': [{'PhoneType': 'Telephone', 'PhoneNumber': '614-5386', 'AreaCode': '613', 'PhoneTypeId': '1'}], 'Websites': [{'Website': 'https://www.youtube.com/embed/NJPDyzTDHDQ', 'WebsiteTypeId': '7'}, {'Website': 'https://www.youtube.com/embed/e0zenON1f0k', 'WebsiteTypeId': '6'}], 'Emails': [{'ContactId': '535840914'}], 'Photo': 'https://cdn.realtor.ca/individual/TS637859885400000000/lowres/1332683.jpg', 'Position': 'Salesperson', 'PermitFreetextEmail': True, 'FirstName': 'Kevin', 'LastName': 'Cosgrove', 'CorporationDisplayTypeId': '0', 'PermitShowListingLink': True, 'RelativeDetailsURL': '/agent/2057519/kevin-cosgrove-1079-somerset-st-w-ottawa-ontario-k1y3c6', 'AgentPhotoLastUpdated': '2022-04-19 18:09:00', 'PhotoHighRes': 'https://cdn.realtor.ca/individual/TS637859885400000000/highres/1332683.jpg', 'RankMyAgentKey': '', 'RealSatisfiedKey': '', 'TestimonialTreeKey': ''}]",K1N8G8,False,Ontario,/real-estate/26537184/70-cobourg-street-ottawa-lower-town,1,2024-02-21 10:11:24 PM,,/real-estate/26537184/70-cobourg-street-ottawa-lower-town,/immobilier/26537184/70-cobourg-street-ottawa,[],638441502846930000,7 days ago,"[{'Label': '7 days ago', 'HTMLColorCode': '#23A1C0', 'ListingTagTypeID': '1'}]",76,1,1 + 0,1.0,House,Laundry Facility,"$1,700/Monthly",Single Family,"70 COBOURG STREET|Ottawa, Ontario K1N8G8",-75.679828,45.434023,True,"[{'SequenceId': '1', 'HighResPath': 'https://cdn.realtor.ca/listings/TS638441322847100000/reb76/highres/0/1378320_1.jpg', 'MedResPath': 'https://cdn.realtor.ca/listings/TS638441322847100000/reb76/medres/0/1378320_1.jpg', 'LowResPath': 'https://cdn.realtor.ca/listings/TS638441322847100000/reb76/lowres/0/1378320_1.jpg', 'LastUpdated': '2024-02-21 5:11:24 PM', 'TypeId': '0'}]",[{'Name': 'None'}],0,300,Freehold,"Public Transit, Recreation Nearby, Shopping",[1],,1700,* ft X * ft,,,,,,,,,
26457670,13656864,See listing broker(s) (40114534),"[{'IndividualID': 1957812, 'Name': 'Epaphrodite Munyaneza', 'Organization': {'OrganizationID': 54123, 'Name': 'PROPRIO DIRECT', 'Logo': 'https://cdn.realtor.ca/organization/en-CA/TS638436165920000000/lowres/1178375.jpg', 'Address': {'AddressText': '200 - 3899 aut. des Laurentides |Laval, Quebec H7L3H7', 'PermitShowAddress': True}, 'Phones': [{'PhoneType': 'Telephone', 'PhoneNumber': '856-4444', 'AreaCode': '514', 'PhoneTypeId': '1'}, {'PhoneType': 'Fax', 'PhoneNumber': '856-4449', 'AreaCode': '514', 'PhoneTypeId': '4'}], 'Emails': [{'ContactId': '517476518'}], 'Websites': [{'Website': 'http://www.propriodirect.com/', 'WebsiteTypeId': '1'}], 'OrganizationType': 'Firm', 'Designation': 'Real Estate Agency', 'HasEmail': True, 'PermitFreetextEmail': True, 'PermitShowListingLink': True, 'RelativeDetailsURL': '/office/firm/54123/proprio-direct-200-3899-aut-des-laurentides-laval-quebec-h7l3h7', 'PhotoLastupdate': '2024-02-15 5:56:32 PM'}, 'Phones': [{'PhoneType': 'Telephone', 'PhoneNumber': '210-7679', 'AreaCode': '819', 'PhoneTypeId': '1'}, {'PhoneType': 'Fax', 'PhoneNumber': '856-4449', 'AreaCode': '514', 'PhoneTypeId': '4'}], 'Websites': [{'Website': 'http://www.propriodirect.com/mlsa.aspx?a=MT105960', 'WebsiteTypeId': '1'}], 'Emails': [{'ContactId': '441067617'}], 'Photo': 'https://cdn.realtor.ca/individual/TS638339172000000000/lowres/1248823.jpg', 'Position': 'Residential Real Estate Broker', 'PermitFreetextEmail': True, 'FirstName': 'Epaphrodite', 'LastName': 'Munyaneza', 'CorporationName': 'EPAPHRODITE MUNYANEZA COURTIER IMMOBILIER INC.', 'CorporationDisplayTypeId': '1', 'PermitShowListingLink': True, 'RelativeDetailsURL': '/agent/1957812/epaphrodite-munyaneza-200-3899-aut-des-laurentides-laval-quebec-h7l3h7', 'AgentPhotoLastUpdated': '2023-10-26 11:40:00', 'PhotoHighRes': 'https://cdn.realtor.ca/individual/TS638339172000000000/highres/1248823.jpg', 'RankMyAgentKey': '', 'RealSatisfiedKey': '', 'TestimonialTreeKey': ''}]",J8P6P9,False,Quebec,/real-estate/26457670/94-rue-berthiaume-1-gatineau-gatineau-des-fleursrémi-berthiaumecheval-blanc,1,2024-01-29 8:10:31 PM,,/real-estate/26457670/94-rue-berthiaume-1-gatineau-gatineau-des-fleursrémi-berthiaumecheval-blanc,/immobilier/26457670/94-rue-berthiaume-1-gatineau-gatineau-des-fleursrémi-berthiaumecheval-blanc,"[{'MediaCategoryId': '1', 'MediaCategoryURL': 'https://passerelle.centris.ca/redirect.aspx?CodeDest=PROPRIO&NoMLS=13656864&Lang=E', 'Description': 'AlternateFeatureSheetWebsite', 'Order': 1}]",638421553184730000,,[],5,1,2,1.0,House,,"$1,750/Monthly",Single Family,"94 Rue Berthiaume|#1|Gatineau (Gatineau), Quebec J8P6P9",-75.59595408,45.50023796,True,"[{'SequenceId': '1', 'HighResPath': 'https://cdn.realtor.ca/listings/TS638421378310970000/reb5/highres/4/13656864_1.jpg', 'MedResPath': 'https://cdn.realtor.ca/listings/TS638421378310970000/reb5/medres/4/13656864_1.jpg', 'LowResPath': 'https://cdn.realtor.ca/listings/TS638421378310970000/reb5/lowres/4/13656864_1.jpg', 'Description': 'Frontage', 'LastUpdated': '2024-01-29 3:10:31 PM', 'TypeId': '0'}]",[{'Name': 'Other'}],2,300,,,,Other,1750,,2024-02-15 11:01:55 PM,Other,https://passerelle.centris.ca/redirect.aspx?CodeDest=PROPRIO&NoMLS=13656864&Lang=E,,,,,,
26471997,1375982,"Bright and spacious Basement unit, 1 bedroom, full 3 piece bathroom, in-unit laundry, Radiant heating, lots of natural light! Tenant pays Hydro. Close to Parks, Oc Transpo stop just around the corner, Restaurants, shops, easy access to Queensway. Book your showing today.48 HRs irrevocable on applications, Rental Application, paystubs, letter of employment and credit score required. No Pets (27847979)","[{'IndividualID': 1966317, 'Name': 'Carlos Zarco Fragoso', 'Organization': {'OrganizationID': 62208, 'Name': 'SOLID ROCK REALTY', 'Address': {'AddressText': '5 CORVUS COURT|OTTAWA, Ontario K2E7Z4', 'PermitShowAddress': True}, 'Phones': [{'PhoneType': 'Telephone', 'PhoneNumber': '484-6042', 'AreaCode': '855', 'PhoneTypeId': '1'}, {'PhoneType': 'Fax', 'PhoneNumber': '733-3435', 'AreaCode': '613', 'PhoneTypeId': '4'}], 'Emails': [{'ContactId': '462979681'}], 'OrganizationType': 'Firm', 'HasEmail': True, 'PermitFreetextEmail': True, 'PermitShowListingLink': True, 'RelativeDetailsURL': '/office/firm/62208/solid-rock-realty-5-corvus-court-ottawa-ontario-k2e7z4', 'PhotoLastupdate': '2024-02-02 3:11:31 PM'}, 'Phones': [{'PhoneType': 'Telephone', 'PhoneNumber': '733-3434', 'AreaCode': '613', 'PhoneTypeId': '1'}], 'Websites': [{'Website': 'http://www.zarcoteam.com/', 'WebsiteTypeId': '1'}, {'Website': 'https://www.facebook.com/zarcoteam/', 'WebsiteTypeId': '2'}], 'Emails': [{'ContactId': '535844585'}], 'Photo': 'https://cdn.realtor.ca/individual/TS637708395000000000/lowres/1254361.jpg', 'Position': 'Salesperson', 'PermitFreetextEmail': True, 'FirstName': 'Carlos', 'LastName': 'Zarco Fragoso', 'CorporationDisplayTypeId': '0', 'PermitShowListingLink': True, 'RelativeDetailsURL': '/agent/1966317/carlos-zarco-fragoso-5-corvus-court-ottawa-ontario-k2e7z4', 'AgentPhotoLastUpdated': '2021-10-26 10:05:00', 'PhotoHighRes': 'https://cdn.realtor.ca/individual/TS637708395000000000/highres/1254361.jpg', 'RankMyAgentKey': '', 'RealSatisfiedKey': '', 'TestimonialTreeKey': ''}]",K2B5R6,False,Ontario,/real-estate/26471997/846b-alpine-avenue-unit1-ottawa-queensway-terrace-north,1,2024-02-04 8:41:27 PM,,/real-estate/26471997/846b-alpine-avenue-unit1-ottawa-queensway-terrace-north,/immobilier/26471997/846b-alpine-avenue-unit1-ottawa,[],638424294909070000,,[],76,1,0 + 1,1.0,House,Laundry - In Suite,"$1,750/Monthly",Single Family,"846B ALPINE AVENUE UNIT#1|Ottawa, Ontario K2B5R6",-75.788561,45.360867,True,"[{'SequenceId': '1', 'HighResPath': 'https://cdn.realtor.ca/listings/TS638426580866030000/reb76/highres/2/1375982_1.jpg', 'MedResPath': 'https://cdn.realtor.ca/listings/TS638426580866030000/reb76/medres/2/1375982_1.jpg', 'LowResPath': 'https://cdn.realtor.ca/listings/TS638426580866030000/reb76/lowres/2/1375982_1.jpg', 'LastUpdated': '2024-02-04 3:41:26 PM', 'TypeId': '0'}]",[{'Name': 'Interlocked'}],0,300,Freehold,Public Transit,[1],Interlocked,1750,* ft X * ft,,,,,,,,,
26465236,1375620,"LOOKING FOR GREAT TENANTS AS OF MAY 1.  Rent this new lower level 2 bedroom apartment close to parks, schools, transit, LRT station, St. Laurent Mall, lots of shopping and great eateries...and only 8 minutes to downtown! Recently completed, this rental boasts porcelain floors throughout (with radiant in-floor heating), almost 10 foot ceilings, large windows, in-unit laundry, gorgeous kitchen with gas range, quartz counters, breakfast bar, lots of cabinets and ample counter space, a bright living room with ceiling fan and a 4 piece bathroom. Rental comes with 1 parking spot and access to backyard patio. IDEAL RENTAL for young professionals, mature students or down-sizers. Credit Report, Rental Application and 2 recent pay stubs will be required to apply. Refrigerator, Gas Stove, Dishwasher, Hood Fan, Washer, Dryer all included. Rent is $1800/M + utilities, which on average will be about $90-$110/month. This apartment is bright and ready to move in! INTERIOR PHOTOS ARE OF A SIMILAR UNIT. (27840856)","[{'IndividualID': 1594252, 'Name': 'Johnny Hunt', 'Organization': {'OrganizationID': 280312, 'Name': 'EXP REALTY', 'Address': {'AddressText': '343 PRESTON STREET, 11TH FLOOR|OTTAWA, Ontario K1S1N4', 'PermitShowAddress': True}, 'Phones': [{'PhoneType': 'Telephone', 'PhoneNumber': '530-7737', 'AreaCode': '866', 'PhoneTypeId': '1'}, {'PhoneType': 'Fax', 'PhoneNumber': '849-3180', 'AreaCode': '647', 'PhoneTypeId': '4'}], 'Emails': [{'ContactId': '500317361'}], 'Websites': [{'Website': 'http://www.exprealty.ca', 'WebsiteTypeId': '1'}], 'OrganizationType': 'Firm', 'HasEmail': True, 'PermitFreetextEmail': True, 'PermitShowListingLink': True, 'RelativeDetailsURL': '/office/firm/280312/exp-realty-343-preston-street-11th-floor-ottawa-ontario-k1s1n4', 'PhotoLastupdate': '2024-01-31 2:11:49 PM'}, 'Phones': [{'PhoneType': 'Telephone', 'PhoneNumber': '853-7653', 'AreaCode': '613', 'PhoneTypeId': '1'}], 'Websites': [{'Website': 'http://www.johnnyhunt.ca/', 'WebsiteTypeId': '1'}, {'Website': 'http://www.facebook.com/JohnnyHuntHomes', 'WebsiteTypeId': '2'}, {'Website': 'https://ca.linkedin.com/in/johnnyhunt', 'WebsiteTypeId': '3'}, {'Website': 'https://twitter.com/johnnyhunt', 'WebsiteTypeId': '4'}], 'Emails': [{'ContactId': '535849886'}], 'Photo': 'https://cdn.realtor.ca/individual/TS637708394400000000/lowres/1155293.jpg', 'Position': 'Broker', 'PermitFreetextEmail': True, 'FirstName': 'Johnny', 'LastName': 'Hunt', 'CorporationDisplayTypeId': '0', 'PermitShowListingLink': True, 'RelativeDetailsURL': '/agent/1594252/johnny-hunt-343-preston-street-11th-floor-ottawa-ontario-k1s1n4', 'AgentPhotoLastUpdated': '2021-10-26 10:04:00', 'PhotoHighRes': 'https://cdn.realtor.ca/individual/TS637708394400000000/highres/1155293.jpg', 'RankMyAgentKey': '', 'RealSatisfiedKey': '', 'TestimonialTreeKey': ''}]",K1K1W9,False,Ontario,/real-estate/26465236/340-queen-mary-street-unitb-ottawa-overbrook,1,2024-01-31 7:11:49 PM,,/real-estate/26465236/340-queen-mary-street-unitb-ottawa-overbrook,/immobilier/26465236/340-queen-mary-street-unitb-ottawa,[],638423251098900000,,[],76,1,0 + 2,1.0,House,Laundry - In Suite,"$1,800/Monthly",Single Family,"340 QUEEN MARY STREET UNIT#B|Ottawa, Ontario K1K1W9",-75.651295,45.425107,True,"[{'SequenceId': '1', 'HighResPath': 'https://cdn.realtor.ca/listings/TS638423071098970000/reb76/highres/0/1375620_1.jpg', 'MedResPath': 'https://cdn.realtor.ca/listings/TS638423071098970000/reb76/medres/0/1375620_1.jpg', 'LowResPath': 'https://cdn.realtor.ca/listings/TS638423071098970000/reb76/lowres/0/1375620_1.jpg', 'LastUpdated': '2024-01-31 2:11:49 PM', 'TypeId': '0'}]",[{'Name': 'Surfaced'}],1,300,Freehold,"Public Transit, Recreation Nearby, Shopping",[1],Surfaced,1800,35.5 ft X 85.25 ft,,,,"35 ft ,6 in",,,,,
26427820,1374238,"Impressive, modern and contemporary custom built home by Kenvest Developments. You will find a beautiful one bedroom, one bathroom apartment with a private entrance and convenient open concept layout. This property comes with in-suite laundry and a fully landscaped exterior. Conveniently located close to the Highway 417, downtown, The University of Ottawa and all the amenities Overbrook has to offer. Please provide completed rental applications to Kaity. Street parking is available. To apply, please include a completed rental application form, Equifax credit report, proof of income and ID's. 24 hour irrevocable on all offers. (27802058)","[{'IndividualID': 1685997, 'Name': 'Josh West', 'Organization': {'OrganizationID': 291692, 'Name': 'KELLER WILLIAMS INTEGRITY REALTY', 'Address': {'AddressText': '2148 CARLING AVE UNIT 5|Ottawa, Ontario K2A1H1', 'PermitShowAddress': True}, 'Phones': [{'PhoneType': 'Telephone', 'PhoneNumber': '829-1818', 'AreaCode': '613', 'PhoneTypeId': '1'}], 'Emails': [{'ContactId': '539116677'}], 'Websites': [{'Website': 'http://www.kwintegrity.ca/', 'WebsiteTypeId': '1'}], 'OrganizationType': 'Firm', 'HasEmail': True, 'PermitFreetextEmail': True, 'PermitShowListingLink': True, 'RelativeDetailsURL': '/office/firm/291692/keller-williams-integrity-realty-2148-carling-ave-unit-5-ottawa-ontario-k2a1h1', 'PhotoLastupdate': '2024-02-19 6:11:56 PM'}, 'Phones': [{'PhoneType': 'Telephone', 'PhoneNumber': '282-5674', 'AreaCode': '613', 'PhoneTypeId': '1'}], 'Websites': [{'Website': 'https://www.youtube.com/embed/jLvK66thsRo', 'WebsiteTypeId': '6'}, {'Website': 'https://www.youtube.com/embed/nkbQBV4lDE8', 'WebsiteTypeId': '7'}, {'Website': 'http://www.thewestteam.ca/', 'WebsiteTypeId': '1'}, {'Website': 'https://www.facebook.com/TheWestTeamRealty/', 'WebsiteTypeId': '2'}, {'Website': 'https://www.linkedin.com/in/joshwest78/', 'WebsiteTypeId': '3'}, {'Website': 'https://twitter.com/thewestteam?lang=en', 'WebsiteTypeId': '4'}], 'Emails': [{'ContactId': '535849226'}], 'Photo': 'https://cdn.realtor.ca/individual/TS637223050800000000/lowres/1173481.jpg', 'Position': 'Broker', 'PermitFreetextEmail': True, 'FirstName': 'Josh', 'LastName': 'West', 'CorporationDisplayTypeId': '0', 'PermitShowListingLink': True, 'RelativeDetailsURL': '/agent/1685997/josh-west-2148-carling-ave-unit-5-ottawa-ontario-k2a1h1', 'AgentPhotoLastUpdated': '2020-04-12 16:18:00', 'PhotoHighRes': 'https://cdn.realtor.ca/individual/TS637223050800000000/highres/1173481.jpg', 'RankMyAgentKey': '', 'RealSatisfiedKey': '', 'TestimonialTreeKey': ''}, {'IndividualID': 2079726, 'Name': 'Kaity Campbell', 'Organization': {'OrganizationID': 291692, 'Name': 'KELLER WILLIAMS INTEGRITY REALTY', 'Address': {'AddressText': '2148 CARLING AVE UNIT 5|Ottawa, Ontario K2A1H1', 'PermitShowAddress': True}, 'Phones': [{'PhoneType': 'Telephone', 'PhoneNumber': '829-1818', 'AreaCode': '613', 'PhoneTypeId': '1'}], 'Emails': [{'ContactId': '539116677'}], 'Websites': [{'Website': 'http://www.kwintegrity.ca/', 'WebsiteTypeId': '1'}], 'OrganizationType': 'Firm', 'HasEmail': True, 'PermitFreetextEmail': True, 'PermitShowListingLink': True, 'RelativeDetailsURL': '/office/firm/291692/keller-williams-integrity-realty-2148-carling-ave-unit-5-ottawa-ontario-k2a1h1', 'PhotoLastupdate': '2024-02-19 6:11:56 PM'}, 'Phones': [{'PhoneType': 'Telephone', 'PhoneNumber': '884-0562', 'AreaCode': '613', 'PhoneTypeId': '1'}], 'Emails': [{'ContactId': '535839650'}], 'Photo': 'https://cdn.realtor.ca/individual/TS637244646600000000/lowres/1354579.jpg', 'Position': 'Salesperson', 'PermitFreetextEmail': True, 'FirstName': 'Kaity', 'LastName': 'Campbell', 'CorporationDisplayTypeId': '0', 'PermitShowListingLink': True, 'RelativeDetailsURL': '/agent/2079726/kaity-campbell-2148-carling-ave-unit-5-ottawa-ontario-k2a1h1', 'AgentPhotoLastUpdated': '2020-05-07 16:11:00', 'PhotoHighRes': 'https://cdn.realtor.ca/individual/TS637244646600000000/highres/1354579.jpg', 'RankMyAgentKey': '', 'RealSatisfiedKey': '', 'TestimonialTreeKey': ''}]",K1K1S2,False,Ontario,/real-estate/26427820/225-glynn-avenue-unitb-ottawa-overbrookcastle-heights,1,2024-01-21 8:51:55 PM,,/real-estate/26427820/225-glynn-avenue-unitb-ottawa-overbrookcastle-heights,/immobilier/26427820/225-glynn-avenue-unitb-ottawa,[],638412054884230000,,[],76,1,0 + 1,2.0,House,Laundry - In Suite,"$1,850/Monthly",Single Family,"225 GLYNN AVENUE UNIT#B|Ottawa, Ontario K1K1S2",-75.657388,45.42629,True,"[{'SequenceId': '1', 'HighResPath': 'https://cdn.realtor.ca/listings/TS638414491132900000/reb76/highres/8/1374238_1.jpg', 'MedResPath': 'https://cdn.realtor.ca/listings/TS638414491132900000/reb76/medres/8/1374238_1.jpg', 'LowResPath': 'https://cdn.realtor.ca/listings/TS638414491132900000/reb76/lowres/8/1374238_1.jpg', 'LastUpdated': '2024-01-21 3:51:53 PM', 'TypeId': '0'}]",[{'Name': 'Surfaced'}],1,300,Freehold,"Public Transit, Recreation Nearby, Shopping",[1],Surfaced,1850,47.06 ft X 53.36 ft,,,,"47 ft ,1 in",Highway access,Landscaped,,,
26427821,1374231,"Impressive, modern and contemporary custom built home by Kenvest Developments. You will find a beautiful one bedroom, one bathroom apartment with a private entrance and convenient open concept layout. This property comes with in-suite laundry and a fully landscaped exterior. Conveniently located close to the Highway 417, downtown, The University of Ottawa and all the amenities Overbrook has to offer. Please provide completed rental applications to Kaity. To apply, please include a completed rental application form, Equifax credit report, proof of income and ID's. 24 hour irrevocable on all offers. (27802052)","[{'IndividualID': 1685997, 'Name': 'Josh West', 'Organization': {'OrganizationID': 291692, 'Name': 'KELLER WILLIAMS INTEGRITY REALTY', 'Address': {'AddressText': '2148 CARLING AVE UNIT 5|Ottawa, Ontario K2A1H1', 'PermitShowAddress': True}, 'Phones': [{'PhoneType': 'Telephone', 'PhoneNumber': '829-1818', 'AreaCode': '613', 'PhoneTypeId': '1'}], 'Emails': [{'ContactId': '539116677'}], 'Websites': [{'Website': 'http://www.kwintegrity.ca/', 'WebsiteTypeId': '1'}], 'OrganizationType': 'Firm', 'HasEmail': True, 'PermitFreetextEmail': True, 'PermitShowListingLink': True, 'RelativeDetailsURL': '/office/firm/291692/keller-williams-integrity-realty-2148-carling-ave-unit-5-ottawa-ontario-k2a1h1', 'PhotoLastupdate': '2024-02-19 6:11:59 PM'}, 'Phones': [{'PhoneType': 'Telephone', 'PhoneNumber': '282-5674', 'AreaCode': '613', 'PhoneTypeId': '1'}], 'Websites': [{'Website': 'https://www.youtube.com/embed/jLvK66thsRo', 'WebsiteTypeId': '6'}, {'Website': 'https://www.youtube.com/embed/nkbQBV4lDE8', 'WebsiteTypeId': '7'}, {'Website': 'http://www.thewestteam.ca/', 'WebsiteTypeId': '1'}, {'Website': 'https://www.facebook.com/TheWestTeamRealty/', 'WebsiteTypeId': '2'}, {'Website': 'https://www.linkedin.com/in/joshwest78/', 'WebsiteTypeId': '3'}, {'Website': 'https://twitter.com/thewestteam?lang=en', 'WebsiteTypeId': '4'}], 'Emails': [{'ContactId': '535849226'}], 'Photo': 'https://cdn.realtor.ca/individual/TS637223050800000000/lowres/1173481.jpg', 'Position': 'Broker', 'PermitFreetextEmail': True, 'FirstName': 'Josh', 'LastName': 'West', 'CorporationDisplayTypeId': '0', 'PermitShowListingLink': True, 'RelativeDetailsURL': '/agent/1685997/josh-west-2148-carling-ave-unit-5-ottawa-ontario-k2a1h1', 'AgentPhotoLastUpdated': '2020-04-12 16:18:00', 'PhotoHighRes': 'https://cdn.realtor.ca/individual/TS637223050800000000/highres/1173481.jpg', 'RankMyAgentKey': '', 'RealSatisfiedKey': '', 'TestimonialTreeKey': ''}, {'IndividualID': 2079726, 'Name': 'Kaity Campbell', 'Organization': {'OrganizationID': 291692, 'Name': 'KELLER WILLIAMS INTEGRITY REALTY', 'Address': {'AddressText': '2148 CARLING AVE UNIT 5|Ottawa, Ontario K2A1H1', 'PermitShowAddress': True}, 'Phones': [{'PhoneType': 'Telephone', 'PhoneNumber': '829-1818', 'AreaCode': '613', 'PhoneTypeId': '1'}], 'Emails': [{'ContactId': '539116677'}], 'Websites': [{'Website': 'http://www.kwintegrity.ca/', 'WebsiteTypeId': '1'}], 'OrganizationType': 'Firm', 'HasEmail': True, 'PermitFreetextEmail': True, 'PermitShowListingLink': True, 'RelativeDetailsURL': '/office/firm/291692/keller-williams-integrity-realty-2148-carling-ave-unit-5-ottawa-ontario-k2a1h1', 'PhotoLastupdate': '2024-02-19 6:11:59 PM'}, 'Phones': [{'PhoneType': 'Telephone', 'PhoneNumber': '884-0562', 'AreaCode': '613', 'PhoneTypeId': '1'}], 'Emails': [{'ContactId': '535839650'}], 'Photo': 'https://cdn.realtor.ca/individual/TS637244646600000000/lowres/1354579.jpg', 'Position': 'Salesperson', 'PermitFreetextEmail': True, 'FirstName': 'Kaity', 'LastName': 'Campbell', 'CorporationDisplayTypeId': '0', 'PermitShowListingLink': True, 'RelativeDetailsURL': '/agent/2079726/kaity-campbell-2148-carling-ave-unit-5-ottawa-ontario-k2a1h1', 'AgentPhotoLastUpdated': '2020-05-07 16:11:00', 'PhotoHighRes': 'https://cdn.realtor.ca/individual/TS637244646600000000/highres/1354579.jpg', 'RankMyAgentKey': '', 'RealSatisfiedKey': '', 'TestimonialTreeKey': ''}]",K1K1S2,False,Ontario,/real-estate/26427821/11-quill-street-unitb-ottawa-overbrookcastle-heights,1,2024-01-21 8:51:53 PM,,/real-estate/26427821/11-quill-street-unitb-ottawa-overbrookcastle-heights,/immobilier/26427821/11-quill-street-unitb-ottawa,[],638412054889130000,,[],76,1,0 + 1,2.0,House,Laundry - In Suite,"$1,850/Monthly",Single Family,"11 QUILL STREET UNIT#B|Ottawa, Ontario K1K1S2",-75.657431,45.426425,True,"[{'SequenceId': '1', 'HighResPath': 'https://cdn.realtor.ca/listings/TS638414491132330000/reb76/highres/1/1374231_1.jpg', 'MedResPath': 'https://cdn.realtor.ca/listings/TS638414491132330000/reb76/medres/1/1374231_1.jpg', 'LowResPath': 'https://cdn.realtor.ca/listings/TS638414491132330000/reb76/lowres/1/1374231_1.jpg', 'LastUpdated': '2024-01-21 3:51:53 PM', 'TypeId': '0'}]",[{'Name': 'Surfaced'}],1,300,Freehold,"Public Transit, Recreation Nearby, Shopping",[1],Surfaced,1850,50.43 ft X 49.93 ft,,,,"50 ft ,5 in",Highway access,Landscaped,,,
26368399,1372186,"ALL UTILITIES INCLUDED + BRAND NEW FLOORING THROUGHOUT + HIGH-END APPLS +  IMMED OCCUPANCY AVAILABLE. Nothing to do but move into this modern, bright luxury unit. PREMIUM LOCATION... MINS TO CHEO, Riverside Hospital, shops, transit & downtown. Nestled in the heart of family-oriented ALTA VISTA and just STEPS TO parks, schools & green space. Exceptional in every aspect from the unparalleled craftsmanship to the refined attention to detail. It offers an open-concept floor plan, exquisite finishes throughout and high-end appliances.  A/C and IN-UNIT laundry. So if you want the location and high-end finishes....this could be the one for you! Call today for a private viewing. (27740585)","[{'IndividualID': 1403795, 'Name': 'Todd Lyons', 'Organization': {'OrganizationID': 283783, 'Name': 'RE/MAX HALLMARK REALTY GROUP', 'Address': {'AddressText': '700 EAGLESON ROAD, SUITE 105|OTTAWA, Ontario K2M2G9', 'PermitShowAddress': True}, 'Phones': [{'PhoneType': 'Telephone', 'PhoneNumber': '663-2720', 'AreaCode': '613', 'PhoneTypeId': '1'}, {'PhoneType': 'Fax', 'PhoneNumber': '592-9701', 'AreaCode': '613', 'PhoneTypeId': '4'}], 'Emails': [{'ContactId': '523758318'}], 'Websites': [{'Website': 'http://www.hallmarkottawa.com/', 'WebsiteTypeId': '1'}], 'OrganizationType': 'Firm', 'HasEmail': True, 'PermitFreetextEmail': True, 'PermitShowListingLink': True, 'RelativeDetailsURL': '/office/firm/283783/remax-hallmark-realty-group-700-eagleson-road-suite-105-ottawa-ontario-k2m2g9', 'PhotoLastupdate': '2024-01-09 11:11:34 AM'}, 'Phones': [{'PhoneType': 'Telephone', 'PhoneNumber': '762-1763', 'AreaCode': '613', 'PhoneTypeId': '1'}], 'Websites': [{'Website': 'http://www.ottawapowerhouse.com/', 'WebsiteTypeId': '1'}], 'Emails': [{'ContactId': '535852193'}], 'Photo': 'https://cdn.realtor.ca/individual/TS637708394400000000/lowres/1102923.jpg', 'Position': 'Salesperson', 'PermitFreetextEmail': True, 'FirstName': 'Todd', 'LastName': 'Lyons', 'CorporationDisplayTypeId': '0', 'PermitShowListingLink': True, 'RelativeDetailsURL': '/agent/1403795/todd-lyons-700-eagleson-road-suite-105-ottawa-ontario-k2m2g9', 'AgentPhotoLastUpdated': '2021-10-26 10:04:00', 'PhotoHighRes': 'https://cdn.realtor.ca/individual/TS637708394400000000/highres/1102923.jpg', 'RankMyAgentKey': '', 'RealSatisfiedKey': '', 'TestimonialTreeKey': ''}]",K1H6L3,False,Ontario,/real-estate/26368399/1286-kilborn-avenue-unitb-ottawa-alta-vista,1,2023-12-21 10:01:38 PM,,/real-estate/26368399/1286-kilborn-avenue-unitb-ottawa-alta-vista,/immobilier/26368399/1286-kilborn-avenue-unitb-ottawa,[],638387142809400000,,[],76,1,0 + 1,2.0,House,Laundry - In Suite,"$1,900/Monthly",Single Family,"1286 KILBORN AVENUE UNIT#B|Ottawa, Ontario K1H6L3",-75.669419,45.386064,True,"[{'SequenceId': '1', 'HighResPath': 'https://cdn.realtor.ca/listings/TS638387748987630000/reb76/highres/6/1372186_1.jpg', 'MedResPath': 'https://cdn.realtor.ca/listings/TS638387748987630000/reb76/medres/6/1372186_1.jpg', 'LowResPath': 'https://cdn.realtor.ca/listings/TS638387748987630000/reb76/lowres/6/1372186_1.jpg', 'LastUpdated': '2023-12-21 5:01:38 PM', 'TypeId': '0'}]",[{'Name': 'None'}],1,300,Freehold,"Public Transit, Recreation Nearby, Shopping",[1],,1900,25 ft X 120 ft,2024-01-09 4:16:30 PM,,,25 ft,,,,,
26554657,1378911,"Location! Location! Just minutes to Bayview and Tunney's Pasture LRT stations and downtown! Enjoy all the amazing shops, restaurants and patios just steps away on Wellington.  Quiet one way street in the centre of it all.  Come to your lovely, renovated, modern one bedroom, one bath main floor apartment.  Enjoy quiet evenings on your spacious deck.  The shared basement level includes laundry, your own storage locker and bicycle storage.  One parking space.  Heat and water included! Tenant pays hydro.  Available April 1, 2024.  Rental application, credit report, letter of employment with salary verification and references required. (27933568)","[{'IndividualID': 2190511, 'Name': 'Zoe Brown', 'Organization': {'OrganizationID': 280312, 'Name': 'EXP REALTY', 'Address': {'AddressText': '343 PRESTON STREET, 11TH FLOOR|OTTAWA, Ontario K1S1N4', 'PermitShowAddress': True}, 'Phones': [{'PhoneType': 'Telephone', 'PhoneNumber': '530-7737', 'AreaCode': '866', 'PhoneTypeId': '1'}, {'PhoneType': 'Fax', 'PhoneNumber': '849-3180', 'AreaCode': '647', 'PhoneTypeId': '4'}], 'Emails': [{'ContactId': '500317361'}], 'Websites': [{'Website': 'http://www.exprealty.ca', 'WebsiteTypeId': '1'}], 'OrganizationType': 'Firm', 'HasEmail': True, 'PermitFreetextEmail': True, 'PermitShowListingLink': True, 'RelativeDetailsURL': '/office/firm/280312/exp-realty-343-preston-street-11th-floor-ottawa-ontario-k1s1n4', 'PhotoLastupdate': '2024-02-27 9:11:33 AM'}, 'Phones': [{'PhoneType': 'Telephone', 'PhoneNumber': '867-6426', 'AreaCode': '613', 'PhoneTypeId': '1'}], 'Websites': [{'Website': 'http://zoebrown.exprealty.com/', 'WebsiteTypeId': '1'}], 'Emails': [{'ContactId': '535832932'}], 'Photo': 'https://cdn.realtor.ca/individual/TS638439856800000000/lowres/1439512.jpg', 'Position': 'Salesperson', 'PermitFreetextEmail': True, 'FirstName': 'Zoe', 'LastName': 'Brown', 'CorporationDisplayTypeId': '0', 'PermitShowListingLink': True, 'RelativeDetailsURL': '/agent/2190511/zoe-brown-343-preston-street-11th-floor-ottawa-ontario-k1s1n4', 'AgentPhotoLastUpdated': '2024-02-20 00:28:00', 'PhotoHighRes': 'https://cdn.realtor.ca/individual/TS638439856800000000/highres/1439512.jpg', 'RankMyAgentKey': '', 'RealSatisfiedKey': '', 'TestimonialTreeKey': ''}]",K1Y1T3,False,Ontario,/real-estate/26554657/33-pinhey-street-unit1-ottawa-hintonburg,1,2024-02-27 2:11:33 PM,,/real-estate/26554657/33-pinhey-street-unit1-ottawa-hintonburg,/immobilier/26554657/33-pinhey-street-unit1-ottawa,[],638446398938970000,2 days ago,"[{'Label': '2 days ago', 'HTMLColorCode': '#23A1C0', 'ListingTagTypeID': '1'}]",76,1,1 + 0,,House,Laundry Facility,"$1,900/Monthly",Single Family,"33 PINHEY STREET UNIT#1|Ottawa, Ontario K1Y1T3",-75.726842,45.405862,True,"[{'SequenceId': '1', 'HighResPath': 'https://cdn.realtor.ca/listings/TS638446218939070000/reb76/highres/1/1378911_1.jpg', 'MedResPath': 'https://cdn.realtor.ca/listings/TS638446218939070000/reb76/medres/1/1378911_1.jpg', 'LowResPath': 'https://cdn.realtor.ca/listings/TS638446218939070000/reb76/lowres/1/1378911_1.jpg', 'Description': 'Front entrance', 'LastUpdated': '2024-02-27 9:11:33 AM', 'TypeId': '0'}]","[{'Name': 'Gravel'}, {'Name': 'Shared'}]",1,300,Freehold,"Public Transit, Recreation Nearby, Shopping",[1],"Gravel, Shared",1900,* ft X * ft,,,,,,,,,
26478646,17882052,"This magnificent semi-detached duplex offers a cozy 1-bedroom basement unit. It is perfect for those looking for a peaceful environment with easy access to major highways leading to Ottawa and Gatineau. With a ferry nearby, getting to Ottawa has never been easier. The project is surrounded by local services and grocery stores, ensuring convenience for residents of our community! (44360698)","[{'IndividualID': 1842462, 'Name': 'Virenis Avila', 'Organization': {'OrganizationID': 295200, 'Name': 'Virenis Avila', 'Address': {'AddressText': '10 de la Laiterie |Gatineau, Quebec J9J0E2', 'PermitShowAddress': True}, 'Phones': [{'PhoneType': 'Telephone', 'PhoneNumber': '208-4764', 'AreaCode': '819', 'PhoneTypeId': '1'}], 'Emails': [{'ContactId': '529978713'}], 'OrganizationType': 'Firm', 'Designation': 'Residential and Commercial Real Estate Agency', 'HasEmail': True, 'PermitFreetextEmail': True, 'PermitShowListingLink': True, 'RelativeDetailsURL': '/office/firm/295200/virenis-avila-10-de-la-laiterie-gatineau-quebec-j9j0e2', 'PhotoLastupdate': '2024-02-04 10:14:14 AM'}, 'Phones': [{'PhoneType': 'Telephone', 'PhoneNumber': '208-4764', 'AreaCode': '819', 'PhoneTypeId': '1'}], 'Emails': [{'ContactId': '529978719'}], 'Photo': 'https://cdn.realtor.ca/individual/TS638302188600000000/lowres/1197896.jpg', 'Position': 'Certified Residential and Commercial Real Estate Broker AEO', 'PermitFreetextEmail': True, 'FirstName': 'Virenis', 'LastName': 'Avila', 'CorporationName': 'VIRENIS AVILA COURTIER IMMOBILIER INC', 'CorporationDisplayTypeId': '1', 'PermitShowListingLink': True, 'RelativeDetailsURL': '/agent/1842462/virenis-avila-10-de-la-laiterie-gatineau-quebec-j9j0e2', 'AgentPhotoLastUpdated': '2023-09-13 16:21:00', 'PhotoHighRes': 'https://cdn.realtor.ca/individual/TS638302188600000000/highres/1197896.jpg', 'RankMyAgentKey': '', 'RealSatisfiedKey': '', 'TestimonialTreeKey': ''}]",J8M0C7,False,Quebec,/real-estate/26478646/196-rue-de-la-papetière-2-gatineau-masson-angers-angers,1,2024-02-04 3:14:29 PM,,/real-estate/26478646/196-rue-de-la-papetière-2-gatineau-masson-angers-angers,/immobilier/26478646/196-rue-de-la-papetière-2-gatineau-masson-angers-angers,"[{'MediaCategoryId': '2', 'MediaCategoryURL': 'https://youtu.be/n4mqY68sPwg?si=wPfK_U5AT3mtqL3F', 'Description': 'VideoTourWebsite', 'Order': 5, 'VideoType': 'Youtube'}]",638426564547200000,,[],109,1,1,3,Apartment,,"$1,200/Monthly",Single Family,"196 Rue de la Papetière|#2|Gatineau (Masson-Angers), Quebec J8M0C7",-75.48469188,45.52152622,True,"[{'SequenceId': '1', 'HighResPath': 'https://cdn.realtor.ca/listings/TS638426384693400000/reb109/highres/2/17882052_1.jpg', 'MedResPath': 'https://cdn.realtor.ca/listings/TS638426384693400000/reb109/medres/2/17882052_1.jpg', 'LowResPath': 'https://cdn.realtor.ca/listings/TS638426384693400000/reb109/lowres/2/17882052_1.jpg', 'Description': 'Frontage', 'LastUpdated': '2024-02-04 10:14:29 AM', 'TypeId': '0'}]",[{'Name': 'Other'}],1,300,,"Highway, Park, Schools, Public Transit",,Other,1200,,,Other,,,,,739 sqft,Residential,https://youtu.be/n4mqY68sPwg?si=wPfK_U5AT3mtqL3F
26520690,15664975,"Superbe appartement à louer clé en main de 1 chambre à coucher dans un secteur central à Gatineau. L'appartement est libre immédiatement et idéal pour une personne seule ou un couple.  Situé à proximité du rapibus, épiceries, écoles et plus! Propriété récente (2014) à propitié de tout les service.  Contactez moi pour une visite! (42185665)","[{'IndividualID': 1951087, 'Name': 'Jean-Christophe Durocher', 'Organization': {'OrganizationID': 57116, 'Name': ""Royal LePage Vallée de l'Outaouais"", 'Logo': 'https://cdn.realtor.ca/organization/en-CA/TS638436320900000000/lowres/1008414.jpg', 'Address': {'AddressText': '300 - 500 Gréber, boulevard |Gatineau, Quebec J8T7W3', 'PermitShowAddress': True}, 'Phones': [{'PhoneType': 'Telephone', 'PhoneNumber': '561-0223', 'AreaCode': '819', 'PhoneTypeId': '1'}, {'PhoneType': 'Fax', 'PhoneNumber': '561-3167', 'AreaCode': '819', 'PhoneTypeId': '4'}], 'Emails': [{'ContactId': '501006269'}], 'Websites': [{'Website': 'http://www.royallepageoutaouais.ca', 'WebsiteTypeId': '1'}], 'OrganizationType': 'Firm', 'Designation': 'Real Estate Agency', 'HasEmail': True, 'PermitFreetextEmail': True, 'PermitShowListingLink': True, 'RelativeDetailsURL': '/office/firm/57116/royal-lepage-vallée-de-loutaouais-300-500-gréber-boulevard-gatineau-quebec-j8t7w3', 'PhotoLastupdate': '2024-02-15 10:14:50 PM'}, 'Phones': [{'PhoneType': 'Telephone', 'PhoneNumber': '210-5602', 'AreaCode': '819', 'PhoneTypeId': '1'}, {'PhoneType': 'Fax', 'PhoneNumber': '561-3167', 'AreaCode': '819', 'PhoneTypeId': '4'}], 'Websites': [{'Website': 'http://www.jcdurocher.com/', 'WebsiteTypeId': '1'}], 'Emails': [{'ContactId': '533511899'}], 'Photo': 'https://cdn.realtor.ca/individual/TS638326235400000000/lowres/1245067.jpg', 'Position': 'Residential and Commercial Real Estate Broker', 'PermitFreetextEmail': True, 'FirstName': 'Jean-Christophe', 'LastName': 'Durocher', 'CorporationName': 'JEAN-CHRISTOPHE DUROCHER, COURTIER IMMOBILIER INC.', 'CorporationDisplayTypeId': '1', 'PermitShowListingLink': True, 'RelativeDetailsURL': '/agent/1951087/jean-christophe-durocher-300-500-gréber-boulevard-gatineau-quebec-j8t7w3', 'AgentPhotoLastUpdated': '2023-10-11 12:19:00', 'PhotoHighRes': 'https://cdn.realtor.ca/individual/TS638326235400000000/highres/1245067.jpg', 'RankMyAgentKey': '', 'RealSatisfiedKey': '', 'TestimonialTreeKey': ''}]",J8P0G6,False,Quebec,/real-estate/26520690/419-boul-labrosse-21-gatineau-gatineau-orée-des-bois-la-vérendrye-colline,1,2024-02-16 3:15:12 AM,,/real-estate/26520690/419-boul-labrosse-21-gatineau-gatineau-orée-des-bois-la-vérendrye-colline,/immobilier/26520690/419-boul-labrosse-21-gatineau-gatineau-orée-des-bois-la-vérendrye-colline,"[{'MediaCategoryId': '1', 'MediaCategoryURL': 'https://passerelle.centris.ca/redirect.aspx?CodeDest=ROYALLEPAGE&NoMLS=15664975&Lang=E', 'Description': 'AlternateFeatureSheetWebsite', 'Order': 1}]",638436500905630000,,[],109,1,1,,Apartment,,"$1,245/Monthly",Single Family,"419 Boul. Labrosse|#21|Gatineau (Gatineau), Quebec J8P0G6",-75.641684,45.493876,True,"[{'SequenceId': '1', 'HighResPath': 'https://cdn.realtor.ca/listings/TS638436321126500000/reb109/highres/5/15664975_1.jpg', 'MedResPath': 'https://cdn.realtor.ca/listings/TS638436321126500000/reb109/medres/5/15664975_1.jpg', 'LowResPath': 'https://cdn.realtor.ca/listings/TS638436321126500000/reb109/lowres/5/15664975_1.jpg', 'Description': 'Frontage', 'LastUpdated': '2024-02-15 10:15:12 PM', 'TypeId': '0'}]",[{'Name': 'Other'}],1,300,Condominium/Strata,,[2],Other,1245,,,Other,https://passerelle.centris.ca/redirect.aspx?CodeDest=ROYALLEPAGE&NoMLS=15664975&Lang=E,,,,,Residential,
26541080,11132130,"This magnificent semi-detached duplex offers a cozy 1-bedroom basement unit. It is perfect for those looking for a peaceful environment with easy access to major highways leading to Ottawa and Gatineau. With a ferry nearby, getting to Ottawa has never been easier. The project is surrounded by local services and grocery stores, ensuring convenience for residents of our community! (37673210)","[{'IndividualID': 1842462, 'Name': 'Virenis Avila', 'Organization': {'OrganizationID': 295200, 'Name': 'Virenis Avila', 'Address': {'AddressText': '10 de la Laiterie |Gatineau, Quebec J9J0E2', 'PermitShowAddress': True}, 'Phones': [{'PhoneType': 'Telephone', 'PhoneNumber': '208-4764', 'AreaCode': '819', 'PhoneTypeId': '1'}], 'Emails': [{'ContactId': '529978713'}], 'OrganizationType': 'Firm', 'Designation': 'Residential and Commercial Real Estate Agency', 'HasEmail': True, 'PermitFreetextEmail': True, 'PermitShowListingLink': True, 'RelativeDetailsURL': '/office/firm/295200/virenis-avila-10-de-la-laiterie-gatineau-quebec-j9j0e2', 'PhotoLastupdate': '2024-02-22 2:16:35 PM'}, 'Phones': [{'PhoneType': 'Telephone', 'PhoneNumber': '208-4764', 'AreaCode': '819', 'PhoneTypeId': '1'}], 'Emails': [{'ContactId': '529978719'}], 'Photo': 'https://cdn.realtor.ca/individual/TS638302188600000000/lowres/1197896.jpg', 'Position': 'Certified Residential and Commercial Real Estate Broker AEO', 'PermitFreetextEmail': True, 'FirstName': 'Virenis', 'LastName': 'Avila', 'CorporationName': 'VIRENIS AVILA COURTIER IMMOBILIER INC', 'CorporationDisplayTypeId': '1', 'PermitShowListingLink': True, 'RelativeDetailsURL': '/agent/1842462/virenis-avila-10-de-la-laiterie-gatineau-quebec-j9j0e2', 'AgentPhotoLastUpdated': '2023-09-13 16:21:00', 'PhotoHighRes': 'https://cdn.realtor.ca/individual/TS638302188600000000/highres/1197896.jpg', 'RankMyAgentKey': '', 'RealSatisfiedKey': '', 'TestimonialTreeKey': ''}]",J8M0C1,False,Quebec,/real-estate/26541080/369-rue-des-becs-scie-2-gatineau-masson-angers-angers,1,2024-02-22 7:17:07 PM,,/real-estate/26541080/369-rue-des-becs-scie-2-gatineau-masson-angers-angers,/immobilier/26541080/369-rue-des-becs-scie-2-gatineau-masson-angers-angers,[],638442261953170000,7 days ago,"[{'Label': '7 days ago', 'HTMLColorCode': '#23A1C0', 'ListingTagTypeID': '1'}]",109,1,1,3,Apartment,,"$1,250/Monthly",Single Family,"369 Rue des Becs-Scie|#2|Gatineau (Masson-Angers), Quebec J8M0C1",-75.484033,45.521385,True,"[{'SequenceId': '1', 'HighResPath': 'https://cdn.realtor.ca/listings/TS638442082278130000/reb109/highres/0/11132130_1.jpg', 'MedResPath': 'https://cdn.realtor.ca/listings/TS638442082278130000/reb109/medres/0/11132130_1.jpg', 'LowResPath': 'https://cdn.realtor.ca/listings/TS638442082278130000/reb109/lowres/0/11132130_1.jpg', 'Description': 'Frontage', 'LastUpdated': '2024-02-22 2:17:07 PM', 'TypeId': '0'}]",[{'Name': 'Other'}],1,300,,"Highway, Park, Schools, Public Transit",,Other,1250,,,Other,,,,,739 sqft,Residential,
26486918,1376473,"DESIRABLE LOCATION, CLOSE TO SCHOOLS, SHOPPING, MARKET PLACE, PARKS, TRAILS, RIVER AND MUCH MORE! PARKING AVAILABLE ON STREET AS PER APPLICABLE BYLAWS. ONE OF THE OWNERS IS A REALTOR. ***MUST INCLUDE IN RENTAL APPLICATION - CREDIT REPORT, PROOF OF EMPLOYMENT VIZ PAY STUB, 2 MONTHS OF BANK STATEMENT REFLECTING PAY, 2 REFERENCES***  SHOWINGS AVAILABLE EVENINGS 6-8 PM AND WEEKENDS. THIS RENTAL IS SUITABLE AND PREFERABLE FOR A SINGLE PERSON TO A MAX OF 2, NO PETS NON-SMOKER DUE TO ALLERGIES. (27863391)","[{'IndividualID': 1593871, 'Name': 'Ashish Goomer', 'Organization': {'OrganizationID': 288572, 'Name': 'MONEY MAX REALTY LTD.', 'Address': {'AddressText': '1717 BANK STREET, UNIT 4|OTTAWA, Ontario K1V7Z4', 'PermitShowAddress': True}, 'Phones': [{'PhoneType': 'Telephone', 'PhoneNumber': '434-2456', 'AreaCode': '613', 'PhoneTypeId': '1'}], 'Emails': [{'ContactId': '456207313'}], 'Websites': [{'Website': 'http://www.moneymaxrealty.com', 'WebsiteTypeId': '1'}], 'OrganizationType': 'Firm', 'HasEmail': True, 'PermitFreetextEmail': True, 'PermitShowListingLink': True, 'RelativeDetailsURL': '/office/firm/288572/money-max-realty-ltd-1717-bank-street-unit-4-ottawa-ontario-k1v7z4', 'PhotoLastupdate': '2024-02-07 11:11:41 AM'}, 'Phones': [{'PhoneType': 'Telephone', 'PhoneNumber': '219-9770', 'AreaCode': '613', 'PhoneTypeId': '1'}], 'Emails': [{'ContactId': '543318034'}], 'Position': 'Salesperson', 'PermitFreetextEmail': True, 'FirstName': 'Ashish', 'LastName': 'Goomer', 'CorporationDisplayTypeId': '0', 'PermitShowListingLink': True, 'RelativeDetailsURL': '/agent/1593871/ashish-goomer-1717-bank-street-unit-4-ottawa-ontario-k1v7z4', 'RankMyAgentKey': '', 'RealSatisfiedKey': '', 'TestimonialTreeKey': ''}]",K2J5Z2,False,Ontario,/real-estate/26486918/57-pondhawk-way-ottawa-halfmoon-bay,1,2024-02-06 10:11:13 PM,,/real-estate/26486918/57-pondhawk-way-ottawa-halfmoon-bay,/immobilier/26486918/57-pondhawk-way-ottawa,[],638428542738330000,,[],76,1,0 + 1,1,Apartment,Laundry - In Suite,"$1,400/Monthly",Single Family,"57 PONDHAWK WAY|Ottawa, Ontario K2J5Z2",-75.734154,45.244123,True,"[{'SequenceId': '1', 'HighResPath': 'https://cdn.realtor.ca/listings/TS638428362738400000/reb76/highres/3/1376473_1.jpg', 'MedResPath': 'https://cdn.realtor.ca/listings/TS638428362738400000/reb76/medres/3/1376473_1.jpg', 'LowResPath': 'https://cdn.realtor.ca/listings/TS638428362738400000/reb76/lowres/3/1376473_1.jpg', 'Description': 'BUILDING MAIN', 'LastUpdated': '2024-02-06 5:11:13 PM', 'TypeId': '0'}]",[{'Name': 'None'}],0,300,Freehold,"Golf Nearby, Recreation Nearby, Shopping",[1],None,1400,* ft X * ft,,,,,,,,,
26374630,14653181,"The condo offers easy access to local amenities, public transportation. Ready to welcome new tenants as soon as possible. Condo very well maintained. The laundry room is located at the bottom of the building and is accessible with prepaid machine cards. (41027811)","[{'IndividualID': 2164708, 'Name': 'Alexandre Sear', 'Organization': {'OrganizationID': 57117, 'Name': 'RE/MAX VISION', 'Logo': 'https://cdn.realtor.ca/organization/en-CA/TS638439704820000000/lowres/1096008.jpg', 'Address': {'AddressText': '102 - 225 boul de la Gappe |Gatineau, Quebec J8T7Y3', 'PermitShowAddress': True}, 'Phones': [{'PhoneType': 'Telephone', 'PhoneNumber': '243-3111', 'AreaCode': '819', 'PhoneTypeId': '1'}, {'PhoneType': 'Fax', 'PhoneNumber': '243-6367', 'AreaCode': '819', 'PhoneTypeId': '4'}], 'Emails': [{'ContactId': '516982172'}], 'Websites': [{'Website': 'http://www.remaxvision.ca/', 'WebsiteTypeId': '1'}], 'OrganizationType': 'Firm', 'Designation': 'Real Estate Agency', 'HasEmail': True, 'PermitFreetextEmail': True, 'PermitShowListingLink': True, 'RelativeDetailsURL': '/office/firm/57117/remax-vision-102-225-boul-de-la-gappe-gatineau-quebec-j8t7y3', 'PhotoLastupdate': '2024-02-19 8:14:42 PM'}, 'Phones': [{'PhoneType': 'Telephone', 'PhoneNumber': '918-4404', 'AreaCode': '819', 'PhoneTypeId': '1'}], 'Websites': [{'Website': 'http://www.remax-quebec.com/vision', 'WebsiteTypeId': '1'}], 'Emails': [{'ContactId': '491654375'}], 'Photo': 'https://cdn.realtor.ca/individual/TS637877821200000000/lowres/1415536.jpg', 'Position': 'Residential Real Estate Broker', 'PermitFreetextEmail': True, 'FirstName': 'Alexandre', 'LastName': 'Sear', 'CorporationDisplayTypeId': '0', 'PermitShowListingLink': True, 'RelativeDetailsURL': '/agent/2164708/alexandre-sear-102-225-boul-de-la-gappe-gatineau-quebec-j8t7y3', 'AgentPhotoLastUpdated': '2022-05-10 12:22:00', 'PhotoHighRes': 'https://cdn.realtor.ca/individual/TS637877821200000000/highres/1415536.jpg', 'RankMyAgentKey': '', 'RealSatisfiedKey': '', 'TestimonialTreeKey': ''}, {'IndividualID': 1737154, 'Name': 'Manuel Silva', 'Organization': {'OrganizationID': 57118, 'Name': 'RE/MAX VISION - Hull', 'Logo': 'https://cdn.realtor.ca/organization/en-CA/TS638439704820000000/lowres/1086831.jpg', 'Address': {'AddressText': '101 - 24 boul. Saint-Raymond |Gatineau, Quebec J8Y1R4', 'PermitShowAddress': True}, 'Phones': [{'PhoneType': 'Telephone', 'PhoneNumber': '775-9666', 'AreaCode': '819', 'PhoneTypeId': '1'}, {'PhoneType': 'Fax', 'PhoneNumber': '775-3335', 'AreaCode': '819', 'PhoneTypeId': '4'}], 'Emails': [{'ContactId': '524347623'}], 'Websites': [{'Website': 'http://www.remaxvision.ca/', 'WebsiteTypeId': '1'}], 'OrganizationType': 'Firm', 'Designation': 'Real Estate Agency', 'HasEmail': True, 'PermitFreetextEmail': True, 'PermitShowListingLink': True, 'RelativeDetailsURL': '/office/firm/57118/remax-vision-hull-101-24-boul-saint-raymond-gatineau-quebec-j8y1r4', 'PhotoLastupdate': '2024-02-19 8:14:42 PM'}, 'Phones': [{'PhoneType': 'Telephone', 'PhoneNumber': '210-0102', 'AreaCode': '819', 'PhoneTypeId': '1'}, {'PhoneType': 'Fax', 'PhoneNumber': '775-3335', 'AreaCode': '819', 'PhoneTypeId': '4'}], 'Websites': [{'Website': 'https://www.manuelsilva.ca/', 'WebsiteTypeId': '1'}], 'Emails': [{'ContactId': '535508857'}], 'Photo': 'https://cdn.realtor.ca/individual/TS638363386200000000/lowres/1178124.jpg', 'Position': 'Residential and Commercial Real Estate Broker', 'PermitFreetextEmail': True, 'FirstName': 'Manuel', 'LastName': 'Silva', 'CorporationName': 'Manuel Silva, courtier immobilier inc.', 'CorporationDisplayTypeId': '1', 'PermitShowListingLink': True, 'RelativeDetailsURL': '/agent/1737154/manuel-silva-101-24-boul-saint-raymond-gatineau-quebec-j8y1r4', 'AgentPhotoLastUpdated': '2023-11-23 12:17:00', 'PhotoHighRes': 'https://cdn.realtor.ca/individual/TS638363386200000000/highres/1178124.jpg', 'RankMyAgentKey': '', 'RealSatisfiedKey': '', 'TestimonialTreeKey': ''}]",J9H3W2,False,Quebec,/real-estate/26374630/450-boul-wilfrid-lavigne-309-gatineau-aylmer-aylmer-park-wychwood,1,2023-12-27 11:14:42 PM,,/real-estate/26374630/450-boul-wilfrid-lavigne-309-gatineau-aylmer-aylmer-park-wychwood,/immobilier/26374630/450-boul-wilfrid-lavigne-309-gatineau-aylmer-aylmer-park-wychwood,"[{'MediaCategoryId': '1', 'MediaCategoryURL': 'https://passerelle.centris.ca/redirect.aspx?CodeDest=REMAX&NoMLS=14653181&Lang=E', 'Description': 'AlternateFeatureSheetWebsite', 'Order': 1}]",638393156633570000,,[],109,1,1,,Apartment,,"$1,400/Monthly",Single Family,"450 Boul. Wilfrid-Lavigne|#309|Gatineau (Aylmer), Quebec J9H3W2",-75.8369619,45.39939068,True,"[{'SequenceId': '1', 'HighResPath': 'https://cdn.realtor.ca/listings/TS638392976823670000/reb109/highres/1/14653181_1.jpg', 'MedResPath': 'https://cdn.realtor.ca/listings/TS638392976823670000/reb109/medres/1/14653181_1.jpg', 'LowResPath': 'https://cdn.realtor.ca/listings/TS638392976823670000/reb109/lowres/1/14653181_1.jpg', 'Description': 'Frontage', 'LastUpdated': '2023-12-27 6:14:42 PM', 'TypeId': '0'}]",[{'Name': 'Other'}],1,300,Condominium/Strata,"Park, Schools, Public Transit",[2],Other,1400,71.47 m2,2024-02-20 1:15:46 AM,Other,https://passerelle.centris.ca/redirect.aspx?CodeDest=REMAX&NoMLS=14653181&Lang=E,,,,504.83 sqft,Residential,
26536296,9276348,Appartement à louer très bien situé à distance de marche des ponts et d'Ottawa.  1 Chambre à coucher 1495/mois non chauffé et non éclairé.  L'Appartement est rénové avec un stationnement et un espace de balcon.  Contactez moi pour une visite ! (35812644),"[{'IndividualID': 1951087, 'Name': 'Jean-Christophe Durocher', 'Organization': {'OrganizationID': 57116, 'Name': ""Royal LePage Vallée de l'Outaouais"", 'Logo': 'https://cdn.realtor.ca/organization/en-CA/TS638441219380000000/lowres/1008414.jpg', 'Address': {'AddressText': '300 - 500 Gréber, boulevard |Gatineau, Quebec J8T7W3', 'PermitShowAddress': True}, 'Phones': [{'PhoneType': 'Telephone', 'PhoneNumber': '561-0223', 'AreaCode': '819', 'PhoneTypeId': '1'}, {'PhoneType': 'Fax', 'PhoneNumber': '561-3167', 'AreaCode': '819', 'PhoneTypeId': '4'}], 'Emails': [{'ContactId': '501006269'}], 'Websites': [{'Website': 'http://www.royallepageoutaouais.ca', 'WebsiteTypeId': '1'}], 'OrganizationType': 'Firm', 'Designation': 'Real Estate Agency', 'HasEmail': True, 'PermitFreetextEmail': True, 'PermitShowListingLink': True, 'RelativeDetailsURL': '/office/firm/57116/royal-lepage-vallée-de-loutaouais-300-500-gréber-boulevard-gatineau-quebec-j8t7w3', 'PhotoLastupdate': '2024-02-21 2:18:58 PM'}, 'Phones': [{'PhoneType': 'Telephone', 'PhoneNumber': '210-5602', 'AreaCode': '819', 'PhoneTypeId': '1'}, {'PhoneType': 'Fax', 'PhoneNumber': '561-3167', 'AreaCode': '819', 'PhoneTypeId': '4'}], 'Websites': [{'Website': 'http://www.jcdurocher.com/', 'WebsiteTypeId': '1'}], 'Emails': [{'ContactId': '533511899'}], 'Photo': 'https://cdn.realtor.ca/individual/TS638326235400000000/lowres/1245067.jpg', 'Position': 'Residential and Commercial Real Estate Broker', 'PermitFreetextEmail': True, 'FirstName': 'Jean-Christophe', 'LastName': 'Durocher', 'CorporationName': 'JEAN-CHRISTOPHE DUROCHER, COURTIER IMMOBILIER INC.', 'CorporationDisplayTypeId': '1', 'PermitShowListingLink': True, 'RelativeDetailsURL': '/agent/1951087/jean-christophe-durocher-300-500-gréber-boulevard-gatineau-quebec-j8t7w3', 'AgentPhotoLastUpdated': '2023-10-11 12:19:00', 'PhotoHighRes': 'https://cdn.realtor.ca/individual/TS638326235400000000/highres/1245067.jpg', 'RankMyAgentKey': '', 'RealSatisfiedKey': '', 'TestimonialTreeKey': ''}]",J8X3S3,False,Quebec,/real-estate/26536296/325-rue-champlain-a-gatineau-hull-île-de-hull,1,2024-02-21 7:19:38 PM,,/real-estate/26536296/325-rue-champlain-a-gatineau-hull-île-de-hull,/immobilier/26536296/325-rue-champlain-a-gatineau-hull-île-de-hull,"[{'MediaCategoryId': '1', 'MediaCategoryURL': 'https://passerelle.centris.ca/redirect.aspx?CodeDest=ROYALLEPAGE&NoMLS=9276348&Lang=E', 'Description': 'AlternateFeatureSheetWebsite', 'Order': 1}]",638441399383970000,,[],109,1,1,,Apartment,,"$1,495/Monthly",Single Family,"325 Rue Champlain|#A|Gatineau (Hull), Quebec J8X3S3",-75.710959,45.436888,True,"[{'SequenceId': '1', 'HighResPath': 'https://cdn.realtor.ca/listings/TS638441219787770000/reb109/highres/8/9276348_1.jpg', 'MedResPath': 'https://cdn.realtor.ca/listings/TS638441219787770000/reb109/medres/8/9276348_1.jpg', 'LowResPath': 'https://cdn.realtor.ca/listings/TS638441219787770000/reb109/lowres/8/9276348_1.jpg', 'Description': 'Frontage', 'LastUpdated': '2024-02-21 2:19:38 PM', 'TypeId': '0'}]",[{'Name': 'Other'}],1,300,Condominium/Strata,"Highway, CEGEP, Hospital, Park, Schools, Public Transit, University",[2],Other,1495,,,Other,https://passerelle.centris.ca/redirect.aspx?CodeDest=ROYALLEPAGE&NoMLS=9276348&Lang=E,,,,,Residential,
26438167,18839015,See listing broker(s) (45277182),"[{'IndividualID': 2160045, 'Name': 'Justin Bédard', 'Organization': {'OrganizationID': 57109, 'Name': 'RE/MAX DIRECT INC.', 'Logo': 'https://cdn.realtor.ca/organization/en-CA/TS638415441120000000/lowres/1008396.jpg', 'Address': {'AddressText': ""216 ch. d'Aylmer |Gatineau, Quebec J9H1A4"", 'PermitShowAddress': True}, 'Phones': [{'PhoneType': 'Telephone', 'PhoneNumber': '684-0000', 'AreaCode': '819', 'PhoneTypeId': '1'}, {'PhoneType': 'Fax', 'PhoneNumber': '685-0580', 'AreaCode': '819', 'PhoneTypeId': '4'}], 'Emails': [{'ContactId': '463977626'}], 'Websites': [{'Website': 'http://remax-direct.com/', 'WebsiteTypeId': '1'}], 'OrganizationType': 'Firm', 'Designation': 'Real Estate Agency', 'HasEmail': True, 'PermitFreetextEmail': True, 'PermitShowListingLink': True, 'RelativeDetailsURL': '/office/firm/57109/remax-direct-inc-216-ch-daylmer-gatineau-quebec-j9h1a4', 'PhotoLastupdate': '2024-01-22 6:15:12 PM'}, 'Phones': [{'PhoneType': 'Telephone', 'PhoneNumber': '360-4943', 'AreaCode': '819', 'PhoneTypeId': '1'}], 'Websites': [{'Website': 'http://www.remax-quebec.com/vision', 'WebsiteTypeId': '1'}], 'Emails': [{'ContactId': '532207638'}], 'Photo': 'https://cdn.realtor.ca/individual/TS638346321600000000/lowres/1411335.jpg', 'Position': 'Residential Real Estate Broker', 'PermitFreetextEmail': True, 'FirstName': 'Justin', 'LastName': 'Bédard', 'CorporationDisplayTypeId': '0', 'PermitShowListingLink': True, 'RelativeDetailsURL': '/agent/2160045/justin-bédard-216-ch-daylmer-gatineau-quebec-j9h1a4', 'AgentPhotoLastUpdated': '2023-11-03 18:16:00', 'PhotoHighRes': 'https://cdn.realtor.ca/individual/TS638346321600000000/highres/1411335.jpg', 'RankMyAgentKey': '', 'RealSatisfiedKey': '', 'TestimonialTreeKey': ''}]",J8R1Z2,False,Quebec,/real-estate/26438167/10-rue-de-charny-gatineau-gatineau-orée-des-bois-la-vérendrye-colline,1,2024-01-22 11:15:32 PM,,/real-estate/26438167/10-rue-de-charny-gatineau-gatineau-orée-des-bois-la-vérendrye-colline,/immobilier/26438167/10-rue-de-charny-gatineau-gatineau-orée-des-bois-la-vérendrye-colline,"[{'MediaCategoryId': '1', 'MediaCategoryURL': 'https://passerelle.centris.ca/redirect.aspx?CodeDest=REMAX&NoMLS=18839015&Lang=E', 'Description': 'AlternateFeatureSheetWebsite', 'Order': 1}]",638415621128300000,,[],109,1,2,2,Apartment,,"$1,500/Monthly",Single Family,"10 Rue de Charny|Gatineau (Gatineau), Quebec J8R1Z2",-75.640497,45.504751,True,"[{'SequenceId': '1', 'HighResPath': 'https://cdn.realtor.ca/listings/TS638415441324800000/reb109/highres/5/18839015_1.jpg', 'MedResPath': 'https://cdn.realtor.ca/listings/TS638415441324800000/reb109/medres/5/18839015_1.jpg', 'LowResPath': 'https://cdn.realtor.ca/listings/TS638415441324800000/reb109/lowres/5/18839015_1.jpg', 'Description': 'Frontage', 'LastUpdated': '2024-01-22 6:15:32 PM', 'TypeId': '0'}]",[{'Name': 'Other'}],3,300,,,,Other,1500,578.5 m2,,Other,https://passerelle.centris.ca/redirect.aspx?CodeDest=REMAX&NoMLS=18839015&Lang=E,24.66 m,,,,Residential,
26335163,17055266,Très bel appartement complètement rénové.  Unité de deux chambres située dans un un secteur central à Gatineau près de l'Hôpital de Gatineau ainsi que toutes les commodités.  Plancher de bois flottant et céramique.  Belle cuisine avec dosseret.  Contactez-moi pour une visite! (43390429),"[{'IndividualID': 1951087, 'Name': 'Jean-Christophe Durocher', 'Organization': {'OrganizationID': 57116, 'Name': ""Royal LePage Vallée de l'Outaouais"", 'Logo': 'https://cdn.realtor.ca/organization/en-CA/TS638379152830000000/lowres/1008414.jpg', 'Address': {'AddressText': '300 - 500 Gréber, boulevard |Gatineau, Quebec J8T7W3', 'PermitShowAddress': True}, 'Phones': [{'PhoneType': 'Telephone', 'PhoneNumber': '561-0223', 'AreaCode': '819', 'PhoneTypeId': '1'}, {'PhoneType': 'Fax', 'PhoneNumber': '561-3167', 'AreaCode': '819', 'PhoneTypeId': '4'}], 'Emails': [{'ContactId': '501006269'}], 'Websites': [{'Website': 'http://www.royallepageoutaouais.ca', 'WebsiteTypeId': '1'}], 'OrganizationType': 'Firm', 'Designation': 'Real Estate Agency', 'HasEmail': True, 'PermitFreetextEmail': True, 'PermitShowListingLink': True, 'RelativeDetailsURL': '/office/firm/57116/royal-lepage-vallée-de-loutaouais-300-500-gréber-boulevard-gatineau-quebec-j8t7w3', 'PhotoLastupdate': '2023-12-11 6:14:43 PM'}, 'Phones': [{'PhoneType': 'Telephone', 'PhoneNumber': '210-5602', 'AreaCode': '819', 'PhoneTypeId': '1'}, {'PhoneType': 'Fax', 'PhoneNumber': '561-3167', 'AreaCode': '819', 'PhoneTypeId': '4'}], 'Websites': [{'Website': 'http://www.jcdurocher.com/', 'WebsiteTypeId': '1'}], 'Emails': [{'ContactId': '533511899'}], 'Photo': 'https://cdn.realtor.ca/individual/TS638326235400000000/lowres/1245067.jpg', 'Position': 'Residential and Commercial Real Estate Broker', 'PermitFreetextEmail': True, 'FirstName': 'Jean-Christophe', 'LastName': 'Durocher', 'CorporationName': 'JEAN-CHRISTOPHE DUROCHER, COURTIER IMMOBILIER INC.', 'CorporationDisplayTypeId': '1', 'PermitShowListingLink': True, 'RelativeDetailsURL': '/agent/1951087/jean-christophe-durocher-300-500-gréber-boulevard-gatineau-quebec-j8t7w3', 'AgentPhotoLastUpdated': '2023-10-11 12:19:00', 'PhotoHighRes': 'https://cdn.realtor.ca/individual/TS638326235400000000/highres/1245067.jpg', 'RankMyAgentKey': '', 'RealSatisfiedKey': '', 'TestimonialTreeKey': ''}]",J8T5C5,False,Quebec,/real-estate/26335163/168-rue-lamarche-3-gatineau-gatineau-técumseh,1,2023-12-05 5:20:34 PM,,/real-estate/26335163/168-rue-lamarche-3-gatineau-gatineau-técumseh,/immobilier/26335163/168-rue-lamarche-3-gatineau-gatineau-técumseh,"[{'MediaCategoryId': '1', 'MediaCategoryURL': 'https://passerelle.centris.ca/redirect.aspx?CodeDest=ROYALLEPAGE&NoMLS=17055266&Lang=E', 'Description': 'AlternateFeatureSheetWebsite', 'Order': 1}]",638373934940170000,,[],109,1,2,3,Apartment,,"$1,595/Monthly",Single Family,"168 Rue Lamarche|#3|Gatineau (Gatineau), Quebec J8T5C5",-75.687425,45.477302,True,"[{'SequenceId': '1', 'HighResPath': 'https://cdn.realtor.ca/listings/TS638373756348430000/reb109/highres/6/17055266_1.jpg', 'MedResPath': 'https://cdn.realtor.ca/listings/TS638373756348430000/reb109/medres/6/17055266_1.jpg', 'LowResPath': 'https://cdn.realtor.ca/listings/TS638373756348430000/reb109/lowres/6/17055266_1.jpg', 'Description': 'Frontage', 'LastUpdated': '2023-12-05 12:20:34 PM', 'TypeId': '0'}]",,,300,Condominium/Strata,,[2],,1595,1598.65 m2,,Other,https://passerelle.centris.ca/redirect.aspx?CodeDest=ROYALLEPAGE&NoMLS=17055266&Lang=E,,,,,Residential,
26411908,1373775,"**BRAND NEW- Appliances included** Looking for an affordable bachelor to call home? Welcome to B-130 Carllion, a freshly constructed apartment showcasing top-tier designer finishes and impeccable craftsmanship. Nestled just a few steps from the Rideau River walking and biking trails, as well as proximity to all shopping, amenities, the University of Ottawa, major transit, and downtown, this residence offers an ideal location! The unit features an open-concept living and dining area that transitions to the bed space which includes built in storage. A designer kitchen equipped with stainless steel appliances, a stove, sleek push-to-open cabinets, quartz countertops, and ample counter and storage space. Affordable street parking permits are available. Tenants are responsible for hydro and gas expenses. (27785683)","[{'IndividualID': 2197435, 'Name': 'Chris El Feghaly', 'Organization': {'OrganizationID': 278405, 'Name': 'ENGEL & VOLKERS OTTAWA CENTRAL', 'Address': {'AddressText': '292 SOMERSET STREET WEST|OTTAWA, Ontario K2P0J6', 'PermitShowAddress': True}, 'Phones': [{'PhoneType': 'Telephone', 'PhoneNumber': '422-8688', 'AreaCode': '613', 'PhoneTypeId': '1'}, {'PhoneType': 'Fax', 'PhoneNumber': '422-6200', 'AreaCode': '613', 'PhoneTypeId': '4'}], 'Websites': [{'Website': 'http://ottawacentral.evrealestate.com/', 'WebsiteTypeId': '1'}], 'OrganizationType': 'Firm', 'PermitFreetextEmail': True, 'PermitShowListingLink': True, 'RelativeDetailsURL': '/office/firm/278405/engel-volkers-ottawa-central-292-somerset-street-west-ottawa-ontario-k2p0j6', 'PhotoLastupdate': '2024-01-12 9:11:19 PM'}, 'Phones': [{'PhoneType': 'Telephone', 'PhoneNumber': '791-4644', 'AreaCode': '613', 'PhoneTypeId': '1'}], 'Emails': [{'ContactId': '535832370'}], 'Photo': 'https://cdn.realtor.ca/individual/TS638349786600000000/lowres/1445828.jpg', 'Position': 'Salesperson', 'PermitFreetextEmail': True, 'FirstName': 'Chris', 'LastName': 'El Feghaly', 'CorporationDisplayTypeId': '0', 'PermitShowListingLink': True, 'RelativeDetailsURL': '/agent/2197435/chris-el-feghaly-292-somerset-street-west-ottawa-ontario-k2p0j6', 'AgentPhotoLastUpdated': '2023-11-07 18:31:00', 'PhotoHighRes': 'https://cdn.realtor.ca/individual/TS638349786600000000/highres/1445828.jpg', 'RankMyAgentKey': '', 'RealSatisfiedKey': '', 'TestimonialTreeKey': ''}, {'IndividualID': 2011450, 'Name': 'Matt Assaf', 'Organization': {'OrganizationID': 278405, 'Name': 'ENGEL & VOLKERS OTTAWA CENTRAL', 'Address': {'AddressText': '292 SOMERSET STREET WEST|OTTAWA, Ontario K2P0J6', 'PermitShowAddress': True}, 'Phones': [{'PhoneType': 'Telephone', 'PhoneNumber': '422-8688', 'AreaCode': '613', 'PhoneTypeId': '1'}, {'PhoneType': 'Fax', 'PhoneNumber': '422-6200', 'AreaCode': '613', 'PhoneTypeId': '4'}], 'Websites': [{'Website': 'http://ottawacentral.evrealestate.com/', 'WebsiteTypeId': '1'}], 'OrganizationType': 'Firm', 'PermitFreetextEmail': True, 'PermitShowListingLink': True, 'RelativeDetailsURL': '/office/firm/278405/engel-volkers-ottawa-central-292-somerset-street-west-ottawa-ontario-k2p0j6', 'PhotoLastupdate': '2024-01-12 9:11:19 PM'}, 'Phones': [{'PhoneType': 'Telephone', 'PhoneNumber': '878-4831', 'AreaCode': '613', 'PhoneTypeId': '1'}], 'Emails': [{'ContactId': '535842323'}], 'Photo': 'https://cdn.realtor.ca/individual/TS638349787800000000/lowres/1292794.jpg', 'Position': 'Salesperson', 'PermitFreetextEmail': True, 'FirstName': 'Matt', 'LastName': 'Assaf', 'CorporationDisplayTypeId': '0', 'PermitShowListingLink': True, 'RelativeDetailsURL': '/agent/2011450/matt-assaf-292-somerset-street-west-ottawa-ontario-k2p0j6', 'AgentPhotoLastUpdated': '2023-11-07 18:33:00', 'PhotoHighRes': 'https://cdn.realtor.ca/individual/TS638349787800000000/highres/1292794.jpg', 'RankMyAgentKey': '', 'RealSatisfiedKey': '', 'TestimonialTreeKey': ''}, {'IndividualID': 2057679, 'Name': 'Hussein Zeineddine', 'Organization': {'OrganizationID': 278405, 'Name': 'ENGEL & VOLKERS OTTAWA CENTRAL', 'Address': {'AddressText': '292 SOMERSET STREET WEST|OTTAWA, Ontario K2P0J6', 'PermitShowAddress': True}, 'Phones': [{'PhoneType': 'Telephone', 'PhoneNumber': '422-8688', 'AreaCode': '613', 'PhoneTypeId': '1'}, {'PhoneType': 'Fax', 'PhoneNumber': '422-6200', 'AreaCode': '613', 'PhoneTypeId': '4'}], 'Websites': [{'Website': 'http://ottawacentral.evrealestate.com/', 'WebsiteTypeId': '1'}], 'OrganizationType': 'Firm', 'PermitFreetextEmail': True, 'PermitShowListingLink': True, 'RelativeDetailsURL': '/office/firm/278405/engel-volkers-ottawa-central-292-somerset-street-west-ottawa-ontario-k2p0j6', 'PhotoLastupdate': '2024-01-12 9:11:19 PM'}, 'Phones': [{'PhoneType': 'Telephone', 'PhoneNumber': '408-4082', 'AreaCode': '613', 'PhoneTypeId': '1'}], 'Websites': [{'Website': 'http://www.zeineddinerealestate.com/', 'WebsiteTypeId': '1'}, {'Website': 'http://zeineddinerealestate/', 'WebsiteTypeId': '2'}], 'Emails': [{'ContactId': '535840901'}], 'Photo': 'https://cdn.realtor.ca/individual/TS637509109800000000/lowres/1332827.jpg', 'Position': 'Broker', 'PermitFreetextEmail': True, 'FirstName': 'Hussein', 'LastName': 'Zeineddine', 'CorporationDisplayTypeId': '0', 'PermitShowListingLink': True, 'RelativeDetailsURL': '/agent/2057679/hussein-zeineddine-292-somerset-street-west-ottawa-ontario-k2p0j6', 'AgentPhotoLastUpdated': '2021-03-09 18:23:00', 'PhotoHighRes': 'https://cdn.realtor.ca/individual/TS637509109800000000/highres/1332827.jpg', 'RankMyAgentKey': '', 'RealSatisfiedKey': '', 'TestimonialTreeKey': ''}]",K1L5Y3,False,Ontario,/real-estate/26411908/130-carillon-street-unitb-ottawa-vanier,1,2024-01-13 1:11:37 AM,,/real-estate/26411908/130-carillon-street-unitb-ottawa-vanier,/immobilier/26411908/130-carillon-street-unitb-ottawa,"[{'MediaCategoryId': '2', 'MediaCategoryURL': 'https://www.youtube.com/watch?v=IDAdfGfYhhI', 'Description': 'VideoTourWebsite', 'Order': 5, 'VideoType': 'Youtube'}]",638407050797570000,,[],76,1,0 + 0,1,Apartment,Laundry - In Suite,"$1,595/Monthly",Single Family,"130 CARILLON STREET UNIT#B|Ottawa, Ontario K1L5Y3",-75.667838,45.437054,True,"[{'SequenceId': '1', 'HighResPath': 'https://cdn.realtor.ca/listings/TS638406870966600000/reb76/highres/5/1373775_1.jpg', 'MedResPath': 'https://cdn.realtor.ca/listings/TS638406870966600000/reb76/medres/5/1373775_1.jpg', 'LowResPath': 'https://cdn.realtor.ca/listings/TS638406870966600000/reb76/lowres/5/1373775_1.jpg', 'LastUpdated': '2024-01-12 8:11:36 PM', 'TypeId': '0'}]",[{'Name': 'Street Permit'}],0,300,Freehold,"Public Transit, Recreation Nearby, Shopping",[1],Street Permit,1595,* ft X * ft,,,,,,,,,https://www.youtube.com/watch?v=IDAdfGfYhhI
26411908,1373775,"**BRAND NEW- Appliances included** Looking for an affordable bachelor to call home? Welcome to B-130 Carllion, a freshly constructed apartment showcasing top-tier designer finishes and impeccable craftsmanship. Nestled just a few steps from the Rideau River walking and biking trails, as well as proximity to all shopping, amenities, the University of Ottawa, major transit, and downtown, this residence offers an ideal location! The unit features an open-concept living and dining area that transitions to the bed space which includes built in storage. A designer kitchen equipped with stainless steel appliances, a stove, sleek push-to-open cabinets, quartz countertops, and ample counter and storage space. Affordable street parking permits are available. Tenants are responsible for hydro and gas expenses. (27785683)","[{'IndividualID': 2197435, 'Name': 'Chris El Feghaly', 'Organization': {'OrganizationID': 278405, 'Name': 'ENGEL & VOLKERS OTTAWA CENTRAL', 'Address': {'AddressText': '292 SOMERSET STREET WEST|OTTAWA, Ontario K2P0J6', 'PermitShowAddress': True}, 'Phones': [{'PhoneType': 'Telephone', 'PhoneNumber': '422-8688', 'AreaCode': '613', 'PhoneTypeId': '1'}, {'PhoneType': 'Fax', 'PhoneNumber': '422-6200', 'AreaCode': '613', 'PhoneTypeId': '4'}], 'Websites': [{'Website': 'http://ottawacentral.evrealestate.com/', 'WebsiteTypeId': '1'}], 'OrganizationType': 'Firm', 'PermitFreetextEmail': True, 'PermitShowListingLink': True, 'RelativeDetailsURL': '/office/firm/278405/engel-volkers-ottawa-central-292-somerset-street-west-ottawa-ontario-k2p0j6', 'PhotoLastupdate': '2024-01-12 9:11:19 PM'}, 'Phones': [{'PhoneType': 'Telephone', 'PhoneNumber': '791-4644', 'AreaCode': '613', 'PhoneTypeId': '1'}], 'Emails': [{'ContactId': '535832370'}], 'Photo': 'https://cdn.realtor.ca/individual/TS638349786600000000/lowres/1445828.jpg', 'Position': 'Salesperson', 'PermitFreetextEmail': True, 'FirstName': 'Chris', 'LastName': 'El Feghaly', 'CorporationDisplayTypeId': '0', 'PermitShowListingLink': True, 'RelativeDetailsURL': '/agent/2197435/chris-el-feghaly-292-somerset-street-west-ottawa-ontario-k2p0j6', 'AgentPhotoLastUpdated': '2023-11-07 18:31:00', 'PhotoHighRes': 'https://cdn.realtor.ca/individual/TS638349786600000000/highres/1445828.jpg', 'RankMyAgentKey': '', 'RealSatisfiedKey': '', 'TestimonialTreeKey': ''}, {'IndividualID': 2011450, 'Name': 'Matt Assaf', 'Organization': {'OrganizationID': 278405, 'Name': 'ENGEL & VOLKERS OTTAWA CENTRAL', 'Address': {'AddressText': '292 SOMERSET STREET WEST|OTTAWA, Ontario K2P0J6', 'PermitShowAddress': True}, 'Phones': [{'PhoneType': 'Telephone', 'PhoneNumber': '422-8688', 'AreaCode': '613', 'PhoneTypeId': '1'}, {'PhoneType': 'Fax', 'PhoneNumber': '422-6200', 'AreaCode': '613', 'PhoneTypeId': '4'}], 'Websites': [{'Website': 'http://ottawacentral.evrealestate.com/', 'WebsiteTypeId': '1'}], 'OrganizationType': 'Firm', 'PermitFreetextEmail': True, 'PermitShowListingLink': True, 'RelativeDetailsURL': '/office/firm/278405/engel-volkers-ottawa-central-292-somerset-street-west-ottawa-ontario-k2p0j6', 'PhotoLastupdate': '2024-01-12 9:11:19 PM'}, 'Phones': [{'PhoneType': 'Telephone', 'PhoneNumber': '878-4831', 'AreaCode': '613', 'PhoneTypeId': '1'}], 'Emails': [{'ContactId': '535842323'}], 'Photo': 'https://cdn.realtor.ca/individual/TS638349787800000000/lowres/1292794.jpg', 'Position': 'Salesperson', 'PermitFreetextEmail': True, 'FirstName': 'Matt', 'LastName': 'Assaf', 'CorporationDisplayTypeId': '0', 'PermitShowListingLink': True, 'RelativeDetailsURL': '/agent/2011450/matt-assaf-292-somerset-street-west-ottawa-ontario-k2p0j6', 'AgentPhotoLastUpdated': '2023-11-07 18:33:00', 'PhotoHighRes': 'https://cdn.realtor.ca/individual/TS638349787800000000/highres/1292794.jpg', 'RankMyAgentKey': '', 'RealSatisfiedKey': '', 'TestimonialTreeKey': ''}, {'IndividualID': 2057679, 'Name': 'Hussein Zeineddine', 'Organization': {'OrganizationID': 278405, 'Name': 'ENGEL & VOLKERS OTTAWA CENTRAL', 'Address': {'AddressText': '292 SOMERSET STREET WEST|OTTAWA, Ontario K2P0J6', 'PermitShowAddress': True}, 'Phones': [{'PhoneType': 'Telephone', 'PhoneNumber': '422-8688', 'AreaCode': '613', 'PhoneTypeId': '1'}, {'PhoneType': 'Fax', 'PhoneNumber': '422-6200', 'AreaCode': '613', 'PhoneTypeId': '4'}], 'Websites': [{'Website': 'http://ottawacentral.evrealestate.com/', 'WebsiteTypeId': '1'}], 'OrganizationType': 'Firm', 'PermitFreetextEmail': True, 'PermitShowListingLink': True, 'RelativeDetailsURL': '/office/firm/278405/engel-volkers-ottawa-central-292-somerset-street-west-ottawa-ontario-k2p0j6', 'PhotoLastupdate': '2024-01-12 9:11:19 PM'}, 'Phones': [{'PhoneType': 'Telephone', 'PhoneNumber': '408-4082', 'AreaCode': '613', 'PhoneTypeId': '1'}], 'Websites': [{'Website': 'http://www.zeineddinerealestate.com/', 'WebsiteTypeId': '1'}, {'Website': 'http://zeineddinerealestate/', 'WebsiteTypeId': '2'}], 'Emails': [{'ContactId': '535840901'}], 'Photo': 'https://cdn.realtor.ca/individual/TS637509109800000000/lowres/1332827.jpg', 'Position': 'Broker', 'PermitFreetextEmail': True, 'FirstName': 'Hussein', 'LastName': 'Zeineddine', 'CorporationDisplayTypeId': '0', 'PermitShowListingLink': True, 'RelativeDetailsURL': '/agent/2057679/hussein-zeineddine-292-somerset-street-west-ottawa-ontario-k2p0j6', 'AgentPhotoLastUpdated': '2021-03-09 18:23:00', 'PhotoHighRes': 'https://cdn.realtor.ca/individual/TS637509109800000000/highres/1332827.jpg', 'RankMyAgentKey': '', 'RealSatisfiedKey': '', 'TestimonialTreeKey': ''}]",K1L5Y3,False,Ontario,/real-estate/26411908/130-carillon-street-unitb-ottawa-vanier,1,2024-01-13 1:11:37 AM,,/real-estate/26411908/130-carillon-street-unitb-ottawa-vanier,/immobilier/26411908/130-carillon-street-unitb-ottawa,"[{'MediaCategoryId': '2', 'MediaCategoryURL': 'https://www.youtube.com/watch?v=IDAdfGfYhhI', 'Description': 'VideoTourWebsite', 'Order': 5, 'VideoType': 'Youtube'}]",638407050797570000,,[],76,0,0 + 0,1,Apartment,Laundry - In Suite,"$1,595/Monthly",Single Family,"130 CARILLON STREET UNIT#B|Ottawa, Ontario K1L5Y3",-75.667838,45.437054,True,"[{'SequenceId': '1', 'HighResPath': 'https://cdn.realtor.ca/listings/TS638406870966600000/reb76/highres/5/1373775_1.jpg', 'MedResPath': 'https://cdn.realtor.ca/listings/TS638406870966600000/reb76/medres/5/1373775_1.jpg', 'LowResPath': 'https://cdn.realtor.ca/listings/TS638406870966600000/reb76/lowres/5/1373775_1.jpg', 'LastUpdated': '2024-01-12 8:11:36 PM', 'TypeId': '0'}]",[{'Name': 'Street Permit'}],0,300,Freehold,"Public Transit, Recreation Nearby, Shopping",[1],Street Permit,1595,* ft X * ft,,,,,,,,,https://www.youtube.com/watch?v=IDAdfGfYhhI